{"cameraMode":{"drawMode":0,"name":"Shaded","section":"Shading Mode"},"sceneLighting":false,"audioPlay":false,"sceneViewState":{"m_AlwaysRefresh":false,"showFog":true,"showSkybox":false,"showFlares":true,"showImageEffects":true,"showParticleSystems":true,"showVisualEffectGraphs":true,"m_FxEnabled":true},"in2DMode":false,"pivot":{"x":-0.00337982177734375,"y":0.03400242328643799,"z":-0.5747756958007813},"rotation":{"x":0.07753308117389679,"y":0.8985828161239624,"z":-0.17694494128227235,"w":0.39415279030799868},"size":2.57672381401062,"orthographic":false}