{"cameraMode":{"drawMode":0,"name":"Shaded","section":"Shading Mode"},"sceneLighting":false,"audioPlay":false,"sceneViewState":{"showFog":true,"showMaterialUpdate":false,"showSkybox":false,"showFlares":true,"showImageEffects":true,"showParticleSystems":true},"in2DMode":false,"pivot":{"x":0.593395471572876,"y":2.336294651031494,"z":1.6869463920593262},"rotation":{"x":-0.09507564455270767,"y":-0.1499280333518982,"z":0.014427744783461094,"w":-0.9840449690818787},"size":4.087928295135498,"orthographic":false}