{"cameraMode":{"drawMode":0,"name":"Shaded","section":"Shading Mode"},"sceneLighting":true,"audioPlay":false,"sceneViewState":{"showFog":true,"showMaterialUpdate":false,"showSkybox":false,"showFlares":true,"showImageEffects":true,"showParticleSystems":true},"in2DMode":false,"pivot":{"x":34.945587158203128,"y":-58.51607131958008,"z":13.308013916015625},"rotation":{"x":0.3774963617324829,"y":-0.21886488795280457,"z":0.09533560276031494,"w":0.8956915140151978},"size":48.388301849365237,"orthographic":false}