{"cameraMode":{"drawMode":0,"name":"Shaded","section":"Shading Mode"},"sceneLighting":false,"audioPlay":false,"sceneViewState":{"showFog":true,"showMaterialUpdate":false,"showSkybox":false,"showFlares":true,"showImageEffects":true,"showParticleSystems":true},"in2DMode":false,"pivot":{"x":-1.0223212242126465,"y":0.9856833219528198,"z":-1.0767853260040284},"rotation":{"x":-0.07422936707735062,"y":0.40397295355796816,"z":-0.0329718217253685,"w":-0.9111956357955933},"size":2.256863832473755,"orthographic":false}