{"cameraMode":{"drawMode":0,"name":"Shaded","section":"Shading Mode"},"sceneLighting":false,"audioPlay":false,"sceneViewState":{"showFog":true,"showMaterialUpdate":false,"showSkybox":false,"showFlares":true,"showImageEffects":true,"showParticleSystems":true},"in2DMode":false,"pivot":{"x":0.4547843933105469,"y":1.6323983669281006,"z":0.5948901176452637},"rotation":{"x":-0.13977552950382234,"y":-0.307940274477005,"z":0.04464330896735191,"w":-0.9403802156448364},"size":2.344797134399414,"orthographic":false}