{"cameraMode":{"drawMode":0,"name":"Shaded","section":"Shading Mode"},"sceneLighting":true,"audioPlay":false,"sceneViewState":{"showFog":false,"showMaterialUpdate":false,"showSkybox":false,"showFlares":false,"showImageEffects":false,"showParticleSystems":false},"in2DMode":false,"pivot":{"x":19.990894317626954,"y":-20.797269821166993,"z":3.8396968841552736},"rotation":{"x":0.31432080268859866,"y":0.5790181159973145,"z":-0.2502954602241516,"w":0.7107594013214111},"size":16.182126998901368,"orthographic":false}