{"cameraMode":{"drawMode":0,"name":"Shaded","section":"Shading Mode"},"sceneLighting":false,"audioPlay":false,"sceneViewState":{"showFog":true,"showMaterialUpdate":false,"showSkybox":false,"showFlares":true,"showImageEffects":true,"showParticleSystems":true},"in2DMode":false,"pivot":{"x":3.3296589851379396,"y":1.2862434387207032,"z":-0.3818899691104889},"rotation":{"x":-0.2809111177921295,"y":0.6203808188438416,"z":-0.25952258706092837,"w":-0.6860600709915161},"size":5.0264153480529789,"orthographic":false}