{"cameraMode":{"drawMode":0,"name":"Shaded","section":"Shading Mode"},"sceneLighting":false,"audioPlay":false,"sceneViewState":{"showFog":true,"showMaterialUpdate":false,"showSkybox":false,"showFlares":true,"showImageEffects":true,"showParticleSystems":true},"in2DMode":false,"pivot":{"x":0.905422568321228,"y":1.7546571493148804,"z":-1.510780930519104},"rotation":{"x":-0.046192467212677,"y":0.15846559405326844,"z":-0.007479642517864704,"w":-0.9862895607948303},"size":2.503030776977539,"orthographic":false}