{"cameraMode":{"drawMode":0,"name":"Shaded","section":"Shading Mode"},"sceneLighting":false,"audioPlay":false,"sceneViewState":{"showFog":true,"showMaterialUpdate":false,"showSkybox":false,"showFlares":true,"showImageEffects":true,"showParticleSystems":true},"in2DMode":false,"pivot":{"x":4.172325134277344e-7,"y":2.5435824394226076,"z":-0.0000064373016357421878},"rotation":{"x":0.07579679787158966,"y":-0.9166101217269898,"z":0.33284202218055727,"w":0.21013695001602174},"size":2.9674670696258547,"orthographic":false}