{"cameraMode":{"drawMode":0,"name":"Shaded","section":"Shading Mode"},"sceneLighting":true,"audioPlay":false,"sceneViewState":{"showFog":true,"showMaterialUpdate":false,"showSkybox":false,"showFlares":true,"showImageEffects":true,"showParticleSystems":true},"in2DMode":false,"pivot":{"x":-4.636423587799072,"y":-1.8748220205307007,"z":10.81844425201416},"rotation":{"x":0.10007138550281525,"y":-0.1618267148733139,"z":0.01695062965154648,"w":0.9821240901947022},"size":8.917452812194825,"orthographic":false}