{"cameraMode":{"drawMode":0,"name":"Shaded","section":"Shading Mode"},"sceneLighting":false,"audioPlay":false,"sceneViewState":{"showFog":true,"showMaterialUpdate":false,"showSkybox":false,"showFlares":true,"showImageEffects":true,"showParticleSystems":true},"in2DMode":false,"pivot":{"x":46.10050964355469,"y":8.417999267578125,"z":133.20709228515626},"rotation":{"x":0.051853328943252566,"y":-0.9465654492378235,"z":0.22226862609386445,"w":0.23170514404773713},"size":57.20621871948242,"orthographic":false}