{"cameraMode":{"drawMode":0,"name":"Shaded","section":"Shading Mode"},"sceneLighting":false,"audioPlay":false,"sceneViewState":{"showFog":true,"showMaterialUpdate":false,"showSkybox":false,"showFlares":true,"showImageEffects":true,"showParticleSystems":true},"in2DMode":false,"pivot":{"x":-0.15917861461639405,"y":2.2185983657836916,"z":-1.897782325744629},"rotation":{"x":-0.2087676078081131,"y":-0.005297936964780092,"z":0.0010903148213401437,"w":-0.9780014157295227},"size":1.0271319150924683,"orthographic":false}