{"cameraMode":{"drawMode":0,"name":"Shaded","section":"Shading Mode"},"sceneLighting":false,"audioPlay":false,"sceneViewState":{"showFog":true,"showMaterialUpdate":false,"showSkybox":false,"showFlares":true,"showImageEffects":true,"showParticleSystems":true},"in2DMode":false,"pivot":{"x":0.47478148341178896,"y":1.5895549058914185,"z":-0.6712749004364014},"rotation":{"x":0.12378466874361038,"y":0.6453054547309876,"z":-0.10216887295246124,"w":0.7479222416877747},"size":1.8602160215377808,"orthographic":false}