{"cameraMode":{"drawMode":0,"name":"Shaded","section":"Shading Mode"},"sceneLighting":false,"audioPlay":false,"sceneViewState":{"showFog":true,"showMaterialUpdate":false,"showSkybox":false,"showFlares":true,"showImageEffects":true,"showParticleSystems":true},"in2DMode":false,"pivot":{"x":0.01122826337814331,"y":1.4263501167297364,"z":-0.0005315542221069336},"rotation":{"x":0.16573786735534669,"y":-0.6764799356460571,"z":0.1605011224746704,"w":0.700005054473877},"size":1.8736321926116944,"orthographic":false}