{"cameraMode":{"drawMode":0,"name":"Shaded","section":"Shading Mode"},"sceneLighting":false,"audioPlay":false,"sceneViewState":{"showFog":true,"showMaterialUpdate":false,"showSkybox":false,"showFlares":true,"showImageEffects":true,"showParticleSystems":true},"in2DMode":false,"pivot":{"x":-1.8321609497070313,"y":3.608205795288086,"z":0.6129591464996338},"rotation":{"x":-0.30095502734184267,"y":0.5061880350112915,"z":-0.19422394037246705,"w":-0.7845706343650818},"size":5.897699356079102,"orthographic":false}