{"cameraMode":{"drawMode":0,"name":"Shaded","section":"Shading Mode"},"sceneLighting":false,"audioPlay":false,"sceneViewState":{"m_AlwaysRefresh":false,"showFog":true,"showSkybox":false,"showFlares":true,"showImageEffects":true,"showParticleSystems":true,"showVisualEffectGraphs":true,"m_FxEnabled":true},"in2DMode":false,"pivot":{"x":-0.00659942626953125,"y":0.06632852554321289,"z":-1.1212081909179688},"rotation":{"x":0.07753308117389679,"y":0.8985828161239624,"z":-0.17694494128227235,"w":0.39415279030799868},"size":5.0264153480529789,"orthographic":false}